'South Korea','Republic of Korea'
'Taiwan',
'US','United States of America'
'Vietnam','Viet Nam'
'Ivory Coast','Côte d’Ivoire'
'Russia','Russian Federation'
'Iran','Iran (Islamic Republic of)'
'Czech Republic','Czechia'
'Moldova','Republic of Moldova'
'Brunei','Brunei Darussalam'
'Bolivia','Bolivia (Plurin. State of)'
'Saint Vincent and the Grenadines','Saint Vincent & Grenadines'
'Venezuela','Venezuela (Boliv. Rep. of)'
'Kosovo',
'Tanzania','United Rep. of Tanzania'
'Cape Verde','Cabo Verde'
'East Timor','Timor-Leste'
'Syria','Syrian Arab Republic'
'Laos',"Lao People's Dem. Rep."
'West Bank and Gaza','State of Palestine'
'Burma','Myanmar'
'Congo-Brazzaville','Congo'
'Democratic Republic of Congo','Dem. Rep. of the Congo'