geoname_id,country_iso_code,country_name,geoip_name,un_name
49518,RW,Rwanda,Rwanda,Rwanda
51537,SO,Somalia,Somalia,Somalia
69543,YE,Yemen,Yemen,Yemen
99237,IQ,Iraq,Iraq,Iraq
102358,SA,Saudi Arabia,Saudi Arabia,Saudi Arabia
130758,IR,Iran,Iran,Iran (Islamic Republic of)
146669,CY,Cyprus,Cyprus,Cyprus
149590,TZ,Tanzania,Tanzania,United Rep. of Tanzania
163843,SY,Syria,Syria,Syrian Arab Republic
174982,AM,Armenia,Armenia,Armenia
192950,KE,Kenya,Kenya,Kenya
203312,CD,Democratic Republic of Congo,DR Congo,Dem. Rep. of the Congo
223816,DJ,Djibouti,Djibouti,Djibouti
226074,UG,Uganda,Uganda,Uganda
239880,CF,Central African Republic,Central African Republic,Central African Republic
241170,SC,Seychelles,Seychelles,Seychelles
248816,JO,Jordan,Jordan,Jordan
272103,LB,Lebanon,Lebanon,Lebanon
285570,KW,Kuwait,Kuwait,Kuwait
286963,OM,Oman,Oman,Oman
289688,QA,Qatar,Qatar,Qatar
290291,BH,Bahrain,Bahrain,Bahrain
290557,AE,United Arab Emirates,United Arab Emirates,United Arab Emirates
294640,IL,Israel,Israel,Israel
298795,TR,Turkey,Turkey,Turkey
337996,ET,Ethiopia,Ethiopia,Ethiopia
338010,ER,Eritrea,Eritrea,Eritrea
357994,EG,Egypt,Egypt,Egypt
366755,SD,Sudan,Sudan,Sudan
390903,GR,Greece,Greece,Greece
433561,BI,Burundi,Burundi,Burundi
453733,EE,Estonia,Estonia,Estonia
458258,LV,Latvia,Latvia,Latvia
587116,AZ,Azerbaijan,Azerbaijan,Azerbaijan
597427,LT,Lithuania,Lithuania,Lithuania
607072,SJ,Svalbard and Jan Mayen,Svalbard and Jan Mayen,Svalbard and Jan Mayen
614540,GE,Georgia,Georgia,Georgia
617790,MD,Moldova,Moldova,Republic of Moldova
630336,BY,Belarus,Belarus,Belarus
660013,FI,Finland,Finland,Finland
661882,AX,Åland,Åland,Åland
690791,UA,Ukraine,Ukraine,Ukraine
718075,MK,North Macedonia,North Macedonia,North Macedonia
719819,HU,Hungary,Hungary,Hungary
732800,BG,Bulgaria,Bulgaria,Bulgaria
783754,AL,Albania,Albania,Albania
798544,PL,Poland,Poland,Poland
798549,RO,Romania,Romania,Romania
831053,XK,Kosovo,Kosovo,Serbia
878675,ZW,Zimbabwe,Zimbabwe,Zimbabwe
895949,ZM,Zambia,Zambia,Zambia
921929,KM,Comoros,Comoros,Comoros
927384,MW,Malawi,Malawi,Malawi
932692,LS,Lesotho,Lesotho,Lesotho
933860,BW,Botswana,Botswana,Botswana
934292,MU,Mauritius,Mauritius,Mauritius
934841,SZ,Eswatini,Eswatini,Eswatini
935317,RE,Réunion,Réunion,Réunion
953987,ZA,South Africa,South Africa,South Africa
1024031,YT,Mayotte,Mayotte,France
1036973,MZ,Mozambique,Mozambique,Mozambique
1062947,MG,Madagascar,Madagascar,Madagascar
1149361,AF,Afghanistan,Afghanistan,Afghanistan
1168579,PK,Pakistan,Pakistan,Pakistan
1210997,BD,Bangladesh,Bangladesh,Bangladesh
1218197,TM,Turkmenistan,Turkmenistan,Turkmenistan
1220409,TJ,Tajikistan,Tajikistan,Tajikistan
1227603,LK,Sri Lanka,Sri Lanka,Sri Lanka
1252634,BT,Bhutan,Bhutan,Bhutan
1269750,IN,India,India,India
1282028,MV,Maldives,Maldives,Maldives
1282588,IO,British Indian Ocean Territory,British Indian Ocean Territory,British Indian Ocean Territory
1282988,NP,Nepal,Nepal,Nepal
1327865,MM,Burma,Myanmar,Myanmar
1512440,UZ,Uzbekistan,Uzbekistan,Uzbekistan
1522867,KZ,Kazakhstan,Kazakhstan,Kazakhstan
1527747,KG,Kyrgyzstan,Kyrgyzstan,Kyrgyzstan
1546748,TF,French Southern Territories,French Southern Territories,French Southern Territories
1547314,HM,Heard Island and McDonald Islands,Heard Island and McDonald Islands,Heard Island and McDonald Islands
1547376,CC,Cocos [Keeling] Islands,Cocos [Keeling] Islands,Cocos [Keeling] Islands
1559582,PW,Palau,Palau,United States of America
1562822,VN,Vietnam,Vietnam,Viet Nam
1605651,TH,Thailand,Thailand,Thailand
1643084,ID,Indonesia,Indonesia,Indonesia
1655842,LA,Laos,Laos,Lao People's Dem. Rep.
1668284,TW,Taiwan,Taiwan,Taiwan
1694008,PH,Philippines,Philippines,Philippines
1733045,MY,Malaysia,Malaysia,Malaysia
1814991,CN,China,China,China
1819730,HK,Hong Kong,Hong Kong,Hong Kong
1820814,BN,Brunei,Brunei,Brunei Darussalam
1821275,MO,Macao,Macao,Macao
1831722,KH,Cambodia,Cambodia,Cambodia
1835841,KR,South Korea,South Korea,Republic of Korea
1861060,JP,Japan,Japan,Japan
1873107,KP,North Korea,North Korea,North Korea
1880251,SG,Singapore,Singapore,Singapore
1899402,CK,Cook Islands,Cook Islands,Cook Islands
1966436,TL,East Timor,East Timor,Timor-Leste
2017370,RU,Russia,Russia,Russian Federation
2029969,MN,Mongolia,Mongolia,Mongolia
2077456,AU,Australia,Australia,Australia
2078138,CX,Christmas Island,Christmas Island,Christmas Island
2080185,MH,Marshall Islands,Marshall Islands,Marshall Islands
2081918,FM,Micronesia,Federated States of Micronesia,Micronesia
2088628,PG,Papua New Guinea,Papua New Guinea,Papua New Guinea
2103350,SB,Solomon Islands,Solomon Islands,Solomon Islands
2110297,TV,Tuvalu,Tuvalu,Tuvalu
2110425,NR,Nauru,Nauru,Nauru
2134431,VU,Vanuatu,Vanuatu,Vanuatu
2139685,NC,New Caledonia,New Caledonia,France
2155115,NF,Norfolk Island,Norfolk Island,Norfolk Island
2186224,NZ,New Zealand,New Zealand,New Zealand
2205218,FJ,Fiji,Fiji,Fiji
2215636,LY,Libya,Libya,Libya
2233387,CM,Cameroon,Cameroon,Cameroon
2245662,SN,Senegal,Senegal,Senegal
2260494,CG,Congo-Brazzaville,Congo Republic,Congo
2264397,PT,Portugal,Portugal,Portugal
2275384,LR,Liberia,Liberia,Liberia
2287781,CI,Ivory Coast,Ivory Coast,Côte d’Ivoire
2300660,GH,Ghana,Ghana,Ghana
2309096,GQ,Equatorial Guinea,Equatorial Guinea,Equatorial Guinea
2328926,NG,Nigeria,Nigeria,Nigeria
2361809,BF,Burkina Faso,Burkina Faso,Burkina Faso
2363686,TG,Togo,Togo,Togo
2372248,GW,Guinea-Bissau,Guinea-Bissau,Guinea-Bissau
2378080,MR,Mauritania,Mauritania,Mauritania
2395170,BJ,Benin,Benin,Benin
2400553,GA,Gabon,Gabon,Gabon
2403846,SL,Sierra Leone,Sierra Leone,Sierra Leone
2410758,ST,Sao Tome and Principe,São Tomé and Príncipe,Sao Tome and Principe
2411586,GI,Gibraltar,Gibraltar,United Kingdom
2413451,GM,Gambia,Gambia,Gambia
2420477,GN,Guinea,Guinea,Guinea
2434508,TD,Chad,Chad,Chad
2440476,NE,Niger,Niger,Niger
2453866,ML,Mali,Mali,Mali
2461445,EH,Western Sahara,Western Sahara,Western Sahara
2464461,TN,Tunisia,Tunisia,Tunisia
2510769,ES,Spain,Spain,Spain
2542007,MA,Morocco,Morocco,Morocco
2562770,MT,Malta,Malta,Malta
2589581,DZ,Algeria,Algeria,Algeria
2622320,FO,Faroe Islands,Faroe Islands,Faroe Islands
2623032,DK,Denmark,Denmark,Denmark
2629691,IS,Iceland,Iceland,Iceland
2635167,GB,United Kingdom,United Kingdom,United Kingdom
2658434,CH,Switzerland,Switzerland,Switzerland
2661886,SE,Sweden,Sweden,Sweden
2750405,NL,Netherlands,Netherlands,Netherlands
2782113,AT,Austria,Austria,Austria
2802361,BE,Belgium,Belgium,Belgium
2921044,DE,Germany,Germany,Germany
2960313,LU,Luxembourg,Luxembourg,Luxembourg
2963597,IE,Ireland,Ireland,Ireland
2993457,MC,Monaco,Principality of Monaco,Monaco
3017382,FR,France,France,France
3041565,AD,Andorra,Andorra,Andorra
3042058,LI,Liechtenstein,Liechtenstein,Liechtenstein
3042142,JE,Jersey,Jersey,Jersey
3042225,IM,Isle of Man,Isle of Man,United Kingdom
3042362,GG,Guernsey,Guernsey,Guernsey
3057568,SK,Slovakia,Slovakia,Slovakia
3077311,CZ,Czech Republic,Czechia,Czechia
3144096,NO,Norway,Norway,Norway
3164670,VA,Holy See,Vatican City,Holy See
3168068,SM,San Marino,San Marino,San Marino
3175395,IT,Italy,Italy,Italy
3190538,SI,Slovenia,Slovenia,Slovenia
3194884,ME,Montenegro,Montenegro,Montenegro
3202326,HR,Croatia,Croatia,Croatia
3277605,BA,Bosnia and Herzegovina,Bosnia and Herzegovina,Bosnia and Herzegovina
3351879,AO,Angola,Angola,Angola
3355338,NA,Namibia,Namibia,Namibia
3370751,SH,Saint Helena,Saint Helena,Saint Helena
3371123,BV,Bouvet Island,Bouvet Island,Bouvet Island
3374084,BB,Barbados,Barbados,Barbados
3374766,CV,Cape Verde,Cabo Verde,Cabo Verde
3378535,GY,Guyana,Guyana,Guyana
3381670,GF,French Guiana,French Guiana,France
3382998,SR,Suriname,Suriname,Suriname
3424932,PM,Saint Pierre and Miquelon,Saint Pierre and Miquelon,France
3425505,GL,Greenland,Greenland,Greenland
3437598,PY,Paraguay,Paraguay,Paraguay
3439705,UY,Uruguay,Uruguay,Uruguay
3469034,BR,Brazil,Brazil,Brazil
3474414,FK,Falkland Islands,Falkland Islands,Falkland Islands
3474415,GS,South Georgia and the South Sandwich Islands,South Georgia and the South Sandwich Islands,South Georgia and the South Sandwich Islands
3489940,JM,Jamaica,Jamaica,Jamaica
3508796,DO,Dominican Republic,Dominican Republic,Dominican Republic
3562981,CU,Cuba,Cuba,Cuba
3570311,MQ,Martinique,Martinique,France
3572887,BS,Bahamas,Bahamas,Bahamas
3573345,BM,Bermuda,Bermuda,United Kingdom
3573511,AI,Anguilla,Anguilla,United Kingdom
3573591,TT,Trinidad and Tobago,Trinidad and Tobago,Trinidad and Tobago
3575174,KN,Saint Kitts and Nevis,St Kitts and Nevis,Saint Kitts and Nevis
3575830,DM,Dominica,Dominica,Dominica
3576396,AG,Antigua and Barbuda,Antigua and Barbuda,Antigua and Barbuda
3576468,LC,Saint Lucia,Saint Lucia,Saint Lucia
3576916,TC,Turks and Caicos Islands,Turks and Caicos Islands,Turks and Caicos Islands
3577279,AW,Aruba,Aruba,Netherlands
3577718,VG,British Virgin Islands,British Virgin Islands,United Kingdom
3577815,VC,Saint Vincent and the Grenadines,Saint Vincent and the Grenadines,Saint Vincent & Grenadines
3578097,MS,Montserrat,Montserrat,United Kingdom
3578421,MF,Saint Martin,Saint Martin,Netherlands
3578476,BL,Saint Barthélemy,Saint Barthélemy,Saint Barthélemy
3579143,GP,Guadeloupe,Guadeloupe,France
3580239,GD,Grenada,Grenada,Grenada
3580718,KY,Cayman Islands,Cayman Islands,United Kingdom
3582678,BZ,Belize,Belize,Belize
3585968,SV,El Salvador,El Salvador,El Salvador
3595528,GT,Guatemala,Guatemala,Guatemala
3608932,HN,Honduras,Honduras,Honduras
3617476,NI,Nicaragua,Nicaragua,Nicaragua
3624060,CR,Costa Rica,Costa Rica,Costa Rica
3625428,VE,Venezuela,Venezuela,Venezuela (Boliv. Rep. of)
3658394,EC,Ecuador,Ecuador,Ecuador
3686110,CO,Colombia,Colombia,Colombia
3703430,PA,Panama,Panama,Panama
3723988,HT,Haiti,Haiti,Haiti
3865483,AR,Argentina,Argentina,Argentina
3895114,CL,Chile,Chile,Chile
3923057,BO,Bolivia,Bolivia,Bolivia (Plurin. State of)
3932488,PE,Peru,Peru,Peru
3996063,MX,Mexico,Mexico,Mexico
4030656,PF,French Polynesia,French Polynesia,France
4030699,PN,Pitcairn Islands,Pitcairn Islands,Pitcairn Islands
4030945,KI,Kiribati,Kiribati,Kiribati
4031074,TK,Tokelau,Tokelau,Tokelau
4032283,TO,Tonga,Tonga,Tonga
4034749,WF,Wallis and Futuna,Wallis and Futuna,Wallis and Futuna
4034894,WS,Samoa,Samoa,Samoa
4036232,NU,Niue,Niue,Niue
4041468,MP,Northern Mariana Islands,Northern Mariana Islands,United States of America
4043988,GU,Guam,Guam,United States of America
4566966,PR,Puerto Rico,Puerto Rico,United States of America
4796775,VI,U.S. Virgin Islands,U.S. Virgin Islands,United States of America
5854968,UM,U.S. Minor Outlying Islands,U.S. Minor Outlying Islands,United States of America
5880801,AS,American Samoa,American Samoa,United States of America
6251999,CA,Canada,Canada,Canada
6252001,US,US,United States,United States of America
6254930,PS,West Bank and Gaza,Palestine,State of Palestine
6290252,RS,Serbia,Serbia,Serbia
6697173,AQ,Antarctica,Antarctica,Antarctica
7609695,SX,Sint Maarten,Sint Maarten,Sint Maarten
7626836,CW,Curaçao,Curaçao,Curaçao
7626844,BQ,"Bonaire, Sint Eustatius, and Saba","Bonaire, Sint Eustatius, and Saba","Bonaire, Sint Eustatius, and Saba"
7909807,SS,South Sudan,South Sudan,South Sudan
