"Gambia, The",Gambia,country
 Azerbaijan,Azerbaijan,country
"Bahamas, The",Bahamas,country
Cabo Verde,Cape Verde,country
Congo (Brazzaville),Congo-Brazzaville,country
Congo (Kinshasa),Democratic Republic of Congo,country
Cote d'Ivoire,Ivory Coast,country
Czechia,Czech Republic,country
Hong Kong SAR,Hong Kong,country
Iran (Islamic Republic of),Iran,country
"Korea, South",South Korea,country
Macao SAR,China,country
Macau,China,country
Mainland China,China,country
occupied Palestinian territory,Palestine,country
Republic of the Congo,Congo-Brazzaville,country
Republic of Moldova,Moldova,country
Russian Federation,Russia,country
Saint Martin,Netherlands,country
St. Martin,Netherlands,country
Taiwan*,Taiwan,country
The Bahamas,Bahamas,country
The Gambia,Gambia,country
Timor-Leste,East Timor,country
UK,United Kingdom,country
Viet Nam,Vietnam,country
Diamond Princess,Cruise Ship,country
MS Zaandam,Cruise Ship,country
Taipei and environs,Taiwan,country
Anguilla,United Kingdom,country
Bermuda,United Kingdom,country
British Virgin Islands,United Kingdom,country
Cayman Islands,United Kingdom,country
Channel Islands,United Kingdom,country
England,United Kingdom,country
Falkland Islands (Malvinas),United Kingdom,country
Gibraltar,United Kingdom,country
Isle of Man,United Kingdom,country
Montserrat,United Kingdom,country
Northern Ireland,United Kingdom,country
Scotland,United Kingdom,country
French Guiana,France,country
French Polynesia,France,country
Guadeloupe,France,country
Martinique,France,country
Mayotte,France,country
New Caledonia,France,country
Reunion,France,country
Saint Barthelemy,France,country
Saint Pierre and Miquelon,France,country
St Martin,France,country
Aruba,Netherlands,country
Curacao,Netherlands,country
Guam,US,country
" Montreal, QC",Quebec,province
"Calgary, Alberta",Alberta,province
Diamond Princess,Cruise Ship,province
"Edmonton, Alberta",Alberta,province
Grand Princess,Cruise Ship,province
"London, ON",Ontario,province
"Toronto, ON",Ontario,province